gw_event_id,grb_event_id,gw_time,grb_time,delta_t,angle_rad,gw_snr,grb_fluence,I_t,I_omega,I_theta,p_gw_signal,p_grb_signal,p_D_HC,p_D_Hnn,p_D_Hsn,p_D_Hns,p_D_Hss,p_D_H0,p_D_H1,rank_lambda,p_H0_D,p_H1_D
GW254,GRB134,1126002398.492776,1126002403.048904,4.556128025054932,0.17705931308501277,9.883753990571227,0.0004978203817456,0.19001273049608036,0.20856594234490272,0.03963018419344304,0.1991344895576146,770.2948475187271,6.078963964260956,0.0019915745689379166,0.0007927565503152831,6.133104189045112,0.001221312572089166,0.06328178860097286,0.006078963964260956,0.09606182281907724,0.9123572951642401,0.0876427048357598
GW508,GRB264,1126005025.4448752,1126005022.7477498,2.6971254348754883,0.16572547875600518,8.501785208036427,0.0005474900328977,0.5588026837457872,0.25328328440540016,0.1415353790736851,0.1506694884833021,865.9573334394382,18.466594835802084,0.0019915745689379166,0.0005998168584113233,6.894770965117528,0.0010388316145237813,0.0708948846361599,0.018466594835802083,0.2604785229650153,0.7933494952755773,0.20665050472442273
GW586,GRB303,1126005857.5050018,1126005855.6365583,1.868443489074707,0.18958538006156006,11.22464947018772,0.0008548675756701,0.7563231963572303,0.16577384207775353,0.12537860211266527,0.16537221381499284,925.5939270490978,19.19139128647241,0.0019915745689379166,0.0006583485665050737,7.369598809631823,0.0012187268700771504,0.07564536745568376,0.01919139128647241,0.25370213579457507,0.7976376297438602,0.20236237025613982
GW618,GRB314,1126006117.9053628,1126006116.832277,1.0730857849121094,0.15984900445643627,8.941627024184182,0.000651840766056,0.9119947475931429,0.27870951308757685,0.2541816120401124,0.17340855427210067,977.0288233938826,43.064759207895364,0.0019915745689379166,0.0006903413245254904,7.779124563635561,0.0013489667440826285,0.0797421170821674,0.04306475920789536,0.5400503621382516,0.6493294145339313,0.35067058546606855
GW703,GRB363,1126007009.1648731,1126007007.082542,2.0823311805725098,0.14494211124231093,11.60023890623858,0.0018241214454578,0.7068843170025922,0.3497940310038121,0.2472639146977133,0.14483193418494927,167.2376559133692,5.989066605200351,0.0019915745689379166,0.0005765774917997379,1.3315498232297778,0.00019285093636199597,0.015254826997512813,0.005989066605200351,0.3926014110928183,0.718080559185466,0.28191944081453396
