gw_event_id,grb_event_id,gw_time,grb_time,delta_t,angle_rad,gw_snr,grb_fluence,I_t,I_omega,I_theta,p_gw_signal,p_grb_signal,p_D_HC,p_D_Hnn,p_D_Hsn,p_D_Hns,p_D_Hss,p_D_H0,p_D_H1,rank_lambda,p_H0_D,p_H1_D
GW074,GRB1363,1129654046.6611845,1129654048.3505113,1.6893267631530762,0.12470680382428015,7.6042442148223035,0.0011607577547553703,0.530368456021772,0.8233306999284211,0.43666863211636153,0.09734037359510815,611.8103720820595,0.003258693161208849,1.9150302171882748e-08,0.0,0.0,0.003258693161208849,1.9150302171882748e-08,0.003258693161208849,5.230867838114799,0.026222957372121214,0.9737770426278788
GW362,GRB1818,1148989970.0513406,1148989972.1411512,2.089810609817505,0.13082836816208132,8.489234135293355,0.0005429480296228256,0.37888862806841483,0.8073881285733244,0.3059101803538718,0.14995989294426237,858.3632863462809,0.0023949540168110854,2.0085102731090585e-08,0.0,0.0,0.0023949540168110854,2.0085102731090585e-08,0.0023949540168110854,5.076423121964942,0.02672329690564834,0.9732767030943517
