gw_event_id,grb_event_id,gw_time,grb_time,delta_t,angle_rad,gw_snr,grb_fluence,I_t,I_omega,I_theta,p_gw_signal,p_grb_signal,p_D_HC,p_D_Hnn,p_D_Hsn,p_D_Hns,p_D_Hss,p_D_H0,p_D_H1,rank_lambda,p_H0_D,p_H1_D
GW011,GRB015,1126000253.2267015,1126000248.6215918,4.605109691619873,0.09542356187541436,12.825064934760311,0.0004630819610721,0.18331252025536596,0.634268566325178,0.11626936941182613,0.07355589397920732,687.8109467347992,5.8823637779758435,0.0003986973293928359,0.00029296734250862903,1.095798769138472,0.0004030122904264766,0.011351280884934697,0.005882363777975843,0.5182114545137242,0.6586697768791997,0.34133022312080025
GW079,GRB208,1126004033.1920435,1126004035.940137,2.748093366622925,0.14158558456734877,8.192482914297308,0.0009172077413789,0.5465325719505767,0.36702552319183834,0.20059140316154145,0.13259240695496607,869.8470480838987,23.135232308554283,0.0003986973293928359,0.0005281051320428488,1.3858129608928542,0.0009187413803708591,0.01425841574218336,0.023135232308554285,1.6225668213691486,0.3813058229257761,0.6186941770742239
