gw_event_id,grb_event_id,gw_time,grb_time,delta_t,angle_rad,gw_snr,grb_fluence,I_t,I_omega,I_theta,p_gw_signal,p_grb_signal,p_D_HC,p_D_Hnn,p_D_Hsn,p_D_Hns,p_D_Hss,p_D_H0,p_D_H1,rank_lambda,p_H0_D,p_H1_D
GW195,GRB479,1126009477.521756,1126009478.9691572,1.4474012851715088,0.11872129538923212,9.88665414235992,0.0015093670212069,0.8456940410231581,0.494238394151115,0.41797446477845285,0.19915106449132852,318.102099649408,26.478837730782377,0.00040290663454222434,0.0007973792165111202,0.5094584930024947,0.0005072960059779745,0.005497943821749818,0.026478837730782377,4.816134647653605,0.17193549678280376,0.8280645032171963
