gw_event_id,grb_event_id,gw_time,grb_time,angle_rad
GW341,GRB179,1126003552.277918,1126003552.1910462,0.19004899121050084
GW775,GRB405,1126008106.1485188,1126008106.8022768,0.10360962668733097
GW970,GRB486,1126009714.006675,1126009711.190237,0.13889962034212514
