gw_event_id,grb_event_id,gw_time,grb_time,delta_t,angle_rad,gw_snr,grb_fluence,I_t,I_omega,I_theta,p_gw_signal,p_grb_signal,p_D_HC,p_D_Hnn,p_D_Hsn,p_D_Hns,p_D_Hss,p_D_H0,p_D_H1,rank_lambda,p_H0_D,p_H1_D
GW027,GRB011,1126000197.6445522,1126000201.904401,4.2598488330841064,0.08354337522899613,12.117510656722542,0.0017279852103261,0.23417069436424906,0.7054109224611582,0.16518656552485486,0.11388488329515346,203.94541943005552,3.8366727748156544,0.0019899262504276642,0.0004531892918661058,1.6231457158594833,0.0001848517604216856,0.018167881180272124,0.0038366727748156545,0.21117887863455234,0.8256418747389079,0.1743581252610921
GW282,GRB131,1126002686.5403326,1126002684.4474878,2.0928447246551514,0.17272372586629514,7.855794719428354,0.0012806871824898,0.70440632486328,0.2249956356995442,0.15848834885339333,0.11227683128640452,494.6519639160965,8.802118802191169,0.0019899262504276642,0.00044679026918598315,3.9367994550485563,0.00044201136822289604,0.04130666901840627,0.008802118802191169,0.21309195370531914,0.8243398177240876,0.17566018227591249
GW441,GRB206,1126004220.8349936,1126004221.4664378,0.6314442157745361,0.19089287439145552,9.040380420856245,0.0009989790966016,0.9686056229351708,0.16170129970575606,0.1566247881309206,0.17778249201652377,785.5168994277662,21.87283207878973,0.0019899262504276642,0.0007074610723738499,6.25171378501431,0.001111445256073898,0.06446444393108633,0.02187283207878973,0.33930071749586777,0.7466583023040047,0.25334169769599535
GW609,GRB299,1126005879.223656,1126005880.2340982,1.0104422569274902,0.08043937889594296,11.823307929648031,0.0014760623891564,0.9215672880878755,0.7235940966078263,0.6668406492872706,0.13164555076405438,339.90462108617623,29.839072555086005,0.0019899262504276642,0.000523865435006546,2.705207751459612,0.00035612856437208974,0.028990749788940368,0.029839072555086006,1.0292618429092601,0.4927900278094943,0.5072099721905057
GW903,GRB463,1126009080.666604,1126009085.1167476,4.450143575668335,0.02081077855313052,9.830656780009676,0.0009295138659264,0.20509084995040794,0.9785783486438081,0.20069746526642523,0.19875738785636224,857.7596622135765,34.21612208616897,0.0019899262504276642,0.0007909277969959951,6.826674140806248,0.0013568519199732257,0.07021709081622703,0.034216122086168976,0.48729051130471646,0.6723635983683888,0.3276364016316112
