gw_event_id,grb_event_id,gw_time,grb_time,delta_t,angle_rad,gw_snr,grb_fluence,I_t,I_omega,I_theta,p_gw_signal,p_grb_signal,p_D_HC,p_D_Hnn,p_D_Hsn,p_D_Hns,p_D_Hss,p_D_H0,p_D_H1,rank_lambda,p_H0_D,p_H1_D
GW031,GRB663,1128241001.4530334,1128241002.5560343,1.1030008792877197,0.09342717620218323,9.89501800680548,0.0014304929108270002,0.7631062636149439,0.8966336066295697,0.6842267213866824,0.19919652751712952,371.84231187051176,0.003825379960096763,1.435618327365524e-08,0.0,0.0,0.003825379960096763,1.435618327365524e-08,0.003825379960096763,5.425635584432787,0.024155580057360515,0.9758444199426395
GW152,GRB834,1135316615.6408744,1135316617.13962,1.4987456798553467,0.04557997073978683,7.064121063557168,0.0009757037361313811,0.6070378486776092,0.9743651272071189,0.5914765106462945,0.067914286947993,810.3024661548645,0.0016132915870322657,7.011669058654999e-09,0.0,0.0,0.0016132915870322657,7.011669058654999e-09,0.0016132915870322657,5.361891459269096,0.022297016759110444,0.9777029832408896
