gw_event_id,grb_event_id,gw_time,grb_time,delta_t,angle_rad,gw_snr,grb_fluence,I_t,I_omega,I_theta,p_gw_signal,p_grb_signal,p_D_HC,p_D_Hnn,p_D_Hsn,p_D_Hns,p_D_Hss,p_D_H0,p_D_H1,rank_lambda,p_H0_D,p_H1_D
GW009,GRB543,1126487439.8588543,1126487441.6671035,1.8082492351531982,0.1489908484216647,12.358880241442574,0.0008576297207570487,0.4835432528325907,0.7576919219209034,0.36637681657061094,0.09949725601384747,923.3626230973806,0.003266546936496974,2.284213982428726e-08,0.0,0.0,0.003266546936496974,2.284213982428726e-08,0.003266546936496974,5.15535211721327,0.028400050594985515,0.9715999494050145
GW329,GRB1376,1146738480.1715837,1146738481.1130686,0.9414849281311035,0.02551539928977525,9.924730595150303,0.000676371678278021,0.821210000884522,0.9918950784213689,0.8145541582277654,0.1993299276570848,986.7848660727047,0.0012437229804280266,3.925910476310866e-09,0.0,0.0,0.0012437229804280266,3.925910476310866e-09,0.0012437229804280266,5.5007832668844845,0.02191511311690264,0.9780848868830974
