gw_event_id,grb_event_id,gw_time,grb_time,delta_t,angle_rad,gw_snr,grb_fluence,I_t,I_omega,I_theta,p_gw_signal,p_grb_signal,p_D_HC,p_D_Hnn,p_D_Hsn,p_D_Hns,p_D_Hss,p_D_H0,p_D_H1,rank_lambda,p_H0_D,p_H1_D
GW248,GRB953,1140843640.37101,1140843643.2185214,2.8475112915039062,0.06203500516464679,12.17644095289869,0.0007230103662537799,0.16499353093972552,0.9530344058325005,0.1572445117253476,0.11033902401296719,990.8537012934885,0.0005837321909107331,9.538015339464778e-09,0.0,0.0,0.0005837321909107331,9.538015339464778e-09,0.0005837321909107331,4.786755627332762,0.022795036152641668,0.9772049638473583
GW345,GRB861,1147276993.911952,1147276995.371521,1.459568977355957,0.10744937724273945,11.762833839518517,0.0005099896942300677,0.6228751108790467,0.8656132113353292,0.5391689249888608,0.13526308664836945,796.2615289066589,0.003466810324751008,1.649938213233987e-08,0.0,0.0,0.003466810324751008,1.649938213233987e-08,0.003466810324751008,5.322462400206313,0.024989282824272818,0.9750107171757272
