gw_event_id,grb_event_id,gw_time,grb_time,delta_t,angle_rad,gw_snr,grb_fluence,I_t,I_omega,I_theta,p_gw_signal,p_grb_signal,p_D_HC,p_D_Hnn,p_D_Hsn,p_D_Hns,p_D_Hss,p_D_H0,p_D_H1,rank_lambda,p_H0_D,p_H1_D
GW009,GRB1634,1126487439.8588543,1126487440.9815707,1.1227164268493652,0.055832500248510705,12.358880241442574,0.00032803947511221684,0.7557010842089713,0.961783552484026,0.7268208733865346,0.09949725601384747,300.6892696430225,0.0024283752204911748,8.596755014171892e-09,0.0,0.0,0.0024283752204911748,8.596755014171892e-09,0.0024283752204911748,5.4509812419992025,0.022577023342893243,0.9774229766571068
GW329,GRB752,1146738480.1715837,1146738481.6499643,1.4783806800842285,0.11875556532554118,9.924730595150303,0.0009385320199771876,0.6152719058129104,0.8383781278696743,0.5158305085262344,0.1993299276570848,848.7312713311018,0.0036657455917279195,1.8251805128578613e-08,0.0,0.0,0.0036657455917279195,1.8251805128578613e-08,0.0036657455917279195,5.302856497743082,0.02576945699542965,0.9742305430045703
