gw_event_id,grb_event_id,gw_time,grb_time,delta_t,angle_rad,gw_snr,grb_fluence,I_t,I_omega,I_theta,p_gw_signal,p_grb_signal,p_D_HC,p_D_Hnn,p_D_Hsn,p_D_Hns,p_D_Hss,p_D_H0,p_D_H1,rank_lambda,p_H0_D,p_H1_D
GW009,GRB1711,1126487439.8588543,1126487441.8428755,1.9840211868286133,0.14615377827957937,12.358880241442574,0.0007546079046054905,0.41696948482862983,0.7656642001854936,0.3192586071030702,0.09949725601384747,984.2133055447415,0.0027922479859877726,2.2405262800212475e-08,0.0,0.0,0.0027922479859877726,2.2405262800212475e-08,0.0027922479859877726,5.095603944068092,0.02811795690252461,0.9718820430974754
GW329,GRB561,1146738480.1715837,1146738481.7911441,1.6195604801177979,0.08157662028161963,9.924730595150303,0.0011519171994720915,0.5582861755759406,0.9201815309004919,0.5137246277220499,0.1993299276570848,620.9997355912195,0.002507826109028909,1.2536351723590826e-08,0.0,0.0,0.002507826109028909,1.2536351723590826e-08,0.002507826109028909,5.301126251190314,0.023561867829806293,0.9764381321701937
