gw_event_id,grb_event_id,gw_time,grb_time,delta_t,angle_rad,gw_snr,grb_fluence,I_t,I_omega,I_theta,p_gw_signal,p_grb_signal,p_D_HC,p_D_Hnn,p_D_Hsn,p_D_Hns,p_D_Hss,p_D_H0,p_D_H1,rank_lambda,p_H0_D,p_H1_D
GW157,GRB1638,1135055514.3335996,1135055515.9603267,1.6267271041870117,0.08862393253344926,10.867737793923194,0.0008641455630316788,0.5554072939304437,0.9064879717911881,0.5034700313930403,0.18155315127817673,917.9984423104783,0.002670090408680089,1.3615335231815432e-08,0.0,0.0,0.002670090408680089,1.3615335231815432e-08,0.002670090408680089,5.2924976278822955,0.02390462252449288,0.9760953774755071
GW300,GRB416,1144437841.4780643,1144437843.2067087,1.7286443710327148,0.18118267001792637,9.476355139291865,0.0009140150547105115,0.5147638798295977,0.6634249798246591,0.3415072165904141,0.19275001161431063,872.9351285617277,0.0037026943698712247,2.771940587006775e-08,0.0,0.0,0.0037026943698712247,2.771940587006775e-08,0.0037026943698712247,5.125733948226407,0.03224868121376734,0.9677513187862327
