gw_time,grb_time,angle_rad
1126005018.7196667,1126005015.7338781,0.31683548800963574
1126006361.4236608,1126006353.8111336,0.2650628070907902
1126007092.9430213,1126007067.2710748,0.34869033677519085
