gw_time,grb_time,angle_rad
1126003431.4558055,1126003447.3195364,0.1584032263234056
1126003974.0739317,1126003974.945039,0.3986104626598829
1126005926.8485022,1126005902.6193964,0.22424212988830153
1126009940.0951018,1126009948.7994542,0.15772389224835567
