gw_time,grb_time,angle_rad
1126000108.1332548,1126000089.184719,0.14741977742767864
